Industry,Male,Female
Agriculture,45.57629894,37.15991471
Arts,36.14586342,32.55254461
Construction,42.69724292,38.0287071
Educational,39.37537756,37.9708958
Finance,42.85174626,39.49752805
